[{"ERP MAX H": "0", "UBICAZIONE": "Radio Marconi 2 - via guglielmo silva - MILANO", "TIPO": "FM", "ID IMPIANTO": "CNF140567", "BOUQUET": "Radio Marconi 2", "CANALE": "n.d.", "ALTITUDINE": "129", "LONG.": "09E0849", "ERP MAX V": "44", "LAT.": "45N2845", "OPERATORE": "NOVARADIO A SRL", "FREQ. CENTRALE/PORTANTE": "95.0"},
{"ERP MAX H": "0", "UBICAZIONE": "RADIO MILLENNIUM MILANO - VIA SAN GALDINO n. 5 - MILANO", "TIPO": "FM", "ID IMPIANTO": "CNF140637", "BOUQUET": "RADIO MILLENNIUM MILANO", "CANALE": "n.d.", "ALTITUDINE": "126", "LONG.": "09E1000", "ERP MAX V": "47", "LAT.": "45N2920", "OPERATORE": "ELITE S.R.L.", "FREQ. CENTRALE/PORTANTE": "88.7"},
{"ERP MAX H": "0", "UBICAZIONE": "Radio Arcobaleno - Via Casati Grattacielo Breda - Milano", "TIPO": "FM", "ID IMPIANTO": "CNF140692", "BOUQUET": "Radio Arcobaleno", "CANALE": "n.d.", "ALTITUDINE": "122", "LONG.": "09E1140", "ERP MAX V": "45", "LAT.": "45N2845", "OPERATORE": "RADIO ARCOBALENO DI OROBELLO GIUSEPPE & C. S.A.S.", "FREQ. CENTRALE/PORTANTE": "89.5"},
{"ERP MAX H": "0", "UBICAZIONE": "KRISTALL RADIO MILANO - VIA LODOVICO IL MORO 165 - MILANO", "TIPO": "FM", "ID IMPIANTO": "CNF141301", "BOUQUET": "KRISTALL RADIO MILANO", "CANALE": "n.d.", "ALTITUDINE": "130", "LONG.": "09E0744", "ERP MAX V": "30", "LAT.": "45N2626", "OPERATORE": "ASSOCIAZIONE KRISTALL RADIO MILANO", "FREQ. CENTRALE/PORTANTE": "96.4"},
{"ERP MAX H": "0", "UBICAZIONE": "RTL 102.500 Hit Radio - VIA SAN GALDINO N. 5 - MILANO", "TIPO": "FM", "ID IMPIANTO": "CNF141458", "BOUQUET": "RTL 102.500 Hit Radio", "CANALE": "n.d.", "ALTITUDINE": "127", "LONG.": "09E1008", "ERP MAX V": "0", "LAT.": "45N2830", "OPERATORE": "RTL 102,500 HIT RADIO S.R.L.", "FREQ. CENTRALE/PORTANTE": "101.5"},
{"ERP MAX H": "0", "UBICAZIONE": "RADIO CLASSICA 1 - VIA SILVA 36 - MILANO", "TIPO": "FM", "ID IMPIANTO": "CNF141470", "BOUQUET": "RADIO CLASSICA 1", "CANALE": "n.d.", "ALTITUDINE": "129", "LONG.": "09E0849", "ERP MAX V": "37", "LAT.": "45N2845", "OPERATORE": "RADIO CLASSICA S.R.L. IN FORMA ABBREVIATA RADIO CLASS S.R.L.", "FREQ. CENTRALE/PORTANTE": "94.0"},
{"ERP MAX H": "0", "UBICAZIONE": "CHINA FM - TORRE VELASCA - MILANO", "TIPO": "FM", "ID IMPIANTO": "CNF141538", "BOUQUET": "CHINA FM", "CANALE": "n.d.", "ALTITUDINE": "117", "LONG.": "09E1126", "ERP MAX V": "37", "LAT.": "45N2735", "OPERATORE": "ITALIAN INTERNATIONAL RADIO AND MEDIA S.R.L.", "FREQ. CENTRALE/PORTANTE": "92.4"},
{"ERP MAX H": "0", "UBICAZIONE": "RADIO LOMBARDIA - VIA SAPONARO 24 - MILANO", "TIPO": "FM", "ID IMPIANTO": "CNF141550", "BOUQUET": "RADIO LOMBARDIA", "CANALE": "n.d.", "ALTITUDINE": "100", "LONG.": "09E1000", "ERP MAX V": "39", "LAT.": "45N2430", "OPERATORE": "RADIO COMMUNICATION SERVICES SRL IN VIA BREVE R.C.S. SRL.", "FREQ. CENTRALE/PORTANTE": "100.4"},
{"ERP MAX H": "0", "UBICAZIONE": "RADIO NUMBER 1 - VIA VINCENZO DA SEREGNO - MILANO", "TIPO": "FM", "ID IMPIANTO": "CNF142218", "BOUQUET": "RADIO NUMBER 1", "CANALE": "n.d.", "ALTITUDINE": "125", "LONG.": "09E1015", "ERP MAX V": "37", "LAT.": "45N3143", "OPERATORE": "RADIO LAGOUNO S.R.L.", "FREQ. CENTRALE/PORTANTE": "104.3"},
{"ERP MAX H": "0", "UBICAZIONE": "m2o - VIA SAN GALDINO - MILANO", "TIPO": "FM", "ID IMPIANTO": "CNF142461", "BOUQUET": "m2o", "CANALE": "n.d.", "ALTITUDINE": "122", "LONG.": "09E1244", "ERP MAX V": "47", "LAT.": "45N2902", "OPERATORE": "ELEMEDIA S.P.A.", "FREQ. CENTRALE/PORTANTE": "91.0"},
{"ERP MAX H": "0", "UBICAZIONE": "m2o - VIA CASATI ANGOLO REPUBBLICA-BREDA - MILANO", "TIPO": "FM", "ID IMPIANTO": "CNF142465", "BOUQUET": "m2o", "CANALE": "n.d.", "ALTITUDINE": "130", "LONG.": "09E1158", "ERP MAX V": "0", "LAT.": "45N2848", "OPERATORE": "ELEMEDIA S.P.A.", "FREQ. CENTRALE/PORTANTE": "91.7"},
{"ERP MAX H": "0", "UBICAZIONE": "RADIO CAPITAL - SAN GALDINO - MILANO", "TIPO": "FM", "ID IMPIANTO": "CNF142476", "BOUQUET": "RADIO CAPITAL", "CANALE": "n.d.", "ALTITUDINE": "124", "LONG.": "09E1400", "ERP MAX V": "30", "LAT.": "45N3100", "OPERATORE": "ELEMEDIA S.P.A.", "FREQ. CENTRALE/PORTANTE": "90.3"},
{"ERP MAX H": "0", "UBICAZIONE": "RADIO DEEJAY - Via S.Galdino 5 - MILANO", "TIPO": "FM", "ID IMPIANTO": "CNF142492", "BOUQUET": "RADIO DEEJAY", "CANALE": "n.d.", "ALTITUDINE": "210", "LONG.": "09E1056", "ERP MAX V": "51", "LAT.": "45N2905", "OPERATORE": "ELEMEDIA S.P.A.", "FREQ. CENTRALE/PORTANTE": "99.7"},
{"ERP MAX H": "0", "UBICAZIONE": "RADIO SPORTIVA - VIA SAPONARO 35 - MILANO", "TIPO": "FM", "ID IMPIANTO": "CNF142825", "BOUQUET": "RADIO SPORTIVA", "CANALE": "n.d.", "ALTITUDINE": "108", "LONG.": "09E1038", "ERP MAX V": "36", "LAT.": "45N2500", "OPERATORE": "PRIVERNO S.R.L.", "FREQ. CENTRALE/PORTANTE": "101.7"},
{"ERP MAX H": "0", "UBICAZIONE": "RADIO 24 IL SOLE 24 ORE - VIA TRAIANO 54 - MILANO", "TIPO": "FM", "ID IMPIANTO": "CNF143125", "BOUQUET": "RADIO 24 IL SOLE 24 ORE", "CANALE": "n.d.", "ALTITUDINE": "130", "LONG.": "09E0854", "ERP MAX V": "0", "LAT.": "45N2920", "OPERATORE": "IL SOLE 24 ORE S.P.A.", "FREQ. CENTRALE/PORTANTE": "105.0"},
{"ERP MAX H": "0", "UBICAZIONE": "DISCORADIO - Via Turati - Milano", "TIPO": "FM", "ID IMPIANTO": "CNF144509", "BOUQUET": "DISCORADIO", "CANALE": "n.d.", "ALTITUDINE": "122", "LONG.": "09E1144", "ERP MAX V": "30", "LAT.": "45N2839", "OPERATORE": "RITZLAND RECORDS S.R.L", "FREQ. CENTRALE/PORTANTE": "96.2"},
{"ERP MAX H": "0", "UBICAZIONE": "MCSPORT 1 - TORRE VELASCA - MILANO", "TIPO": "FM", "ID IMPIANTO": "CNF144519", "BOUQUET": "MCSPORT 1", "CANALE": "n.d.", "ALTITUDINE": "117", "LONG.": "09E1126", "ERP MAX V": "40", "LAT.": "45N2735", "OPERATORE": "RMC 2 S.R.L.", "FREQ. CENTRALE/PORTANTE": "95.9"},
{"ERP MAX H": "0", "UBICAZIONE": "RADIO ITALIA SOLO MUSICA ITALIANA - VIA CASATI 45 - PALAZZO BREDA - MILANO", "TIPO": "FM", "ID IMPIANTO": "CNF145246", "BOUQUET": "RADIO ITALIA SOLO MUSICA ITALIANA", "CANALE": "n.d.", "ALTITUDINE": "119", "LONG.": "09E1200", "ERP MAX V": "0", "LAT.": "45N2849", "OPERATORE": "RADIO ITALIA S.P.A.", "FREQ. CENTRALE/PORTANTE": "98.4"},
{"ERP MAX H": "0", "UBICAZIONE": "MF02 - MILANO-ISOZAKI - MILANO", "TIPO": "FM", "ID IMPIANTO": "CNF156526", "BOUQUET": "MF02", "CANALE": "n.d.", "ALTITUDINE": "124", "LONG.": "09E0924", "ERP MAX V": "45", "LAT.": "45N2841", "OPERATORE": "RAI WAY S.P.A.", "FREQ. CENTRALE/PORTANTE": "93.7"},
{"ERP MAX H": "0", "UBICAZIONE": "RADIO ITALIA SOLO MUSICA ITALIANA - VIA VALDEVERO - MILANO", "TIPO": "FM", "ID IMPIANTO": "CNF145247", "BOUQUET": "RADIO ITALIA SOLO MUSICA ITALIANA", "CANALE": "n.d.", "ALTITUDINE": "120", "LONG.": "09E0640", "ERP MAX V": "44", "LAT.": "45N2731", "OPERATORE": "RADIO ITALIA S.P.A.", "FREQ. CENTRALE/PORTANTE": "106.5"},
{"ERP MAX H": "0", "UBICAZIONE": "RADIO WE 1 - VIA SAN GALDINO 5 - MILANO", "TIPO": "FM", "ID IMPIANTO": "CNF145561", "BOUQUET": "RADIO WE 1", "CANALE": "n.d.", "ALTITUDINE": "122", "LONG.": "09E1002", "ERP MAX V": "47", "LAT.": "45N2912", "OPERATORE": "ITALIAN INTERNATIONAL RADIO AND MEDIA S.R.L.", "FREQ. CENTRALE/PORTANTE": "89.8"},
{"ERP MAX H": "0", "UBICAZIONE": "RADIO RADICALE ORGANO LISTA MARCO PANNELLA - PIAZZA VELASCA - Milano", "TIPO": "FM", "ID IMPIANTO": "CNF145885", "BOUQUET": "RADIO RADICALE ORGANO LISTA MARCO PANNELLA", "CANALE": "n.d.", "ALTITUDINE": "117", "LONG.": "09E1126", "ERP MAX V": "34", "LAT.": "45N2736", "OPERATORE": "CENTRO DI PRODUZIONE SOCIETA' PER AZIONI O, NELLA FORMA ABBREVIATA, \"CENTRO DI PRODUZIONE - S.P.A.\"", "FREQ. CENTRALE/PORTANTE": "87.9"},
{"ERP MAX H": "0", "UBICAZIONE": "RADIO ONDA D'URTO - VIA SAPONARO - MILANO", "TIPO": "FM", "ID IMPIANTO": "CNF147551", "BOUQUET": "RADIO ONDA D'URTO", "CANALE": "n.d.", "ALTITUDINE": "108", "LONG.": "09E1025", "ERP MAX V": "159", "LAT.": "45N2427", "OPERATORE": "RADIO ONDA D'URTO ASSOCIAZIONE CULTURALE", "FREQ. CENTRALE/PORTANTE": "98.0"},
{"ERP MAX H": "0", "UBICAZIONE": "Radio Zeta L'Italiana 5 - Via Felice Casati 45 - Grattacielo Breda - Milano", "TIPO": "FM", "ID IMPIANTO": "CNF147735", "BOUQUET": "Radio Zeta L'Italiana 5", "CANALE": "n.d.", "ALTITUDINE": "119", "LONG.": "09E1153", "ERP MAX V": "0", "LAT.": "45N2849", "OPERATORE": "RADIO ZETA S.R.L.", "FREQ. CENTRALE/PORTANTE": "92.2"},
{"ERP MAX H": "0", "UBICAZIONE": "RADIO PLANET FM - VIA LEGNONE 46 - MILANO", "TIPO": "FM", "ID IMPIANTO": "CNF148139", "BOUQUET": "RADIO PLANET FM", "CANALE": "n.d.", "ALTITUDINE": "120", "LONG.": "09E1128", "ERP MAX V": "45", "LAT.": "45N2950", "OPERATORE": "UPGRADE SRL IN LIQUIDAZIONE", "FREQ. CENTRALE/PORTANTE": "89.0"},
{"ERP MAX H": "0", "UBICAZIONE": "RDS - Piazza Missori - Milano", "TIPO": "FM", "ID IMPIANTO": "CNF148205", "BOUQUET": "RDS", "CANALE": "n.d.", "ALTITUDINE": "119", "LONG.": "09E1128", "ERP MAX V": "40", "LAT.": "45N2733", "OPERATORE": "RADIO DIMENSIONE SUONO - SOCIETA' PER AZIONI", "FREQ. CENTRALE/PORTANTE": "94.4"},
{"ERP MAX H": "0", "UBICAZIONE": "RADIO MARIA - VIA S. GALDINO - MILANO", "TIPO": "FM", "ID IMPIANTO": "CNF148845", "BOUQUET": "RADIO MARIA", "CANALE": "n.d.", "ALTITUDINE": "122", "LONG.": "09E1000", "ERP MAX V": "46", "LAT.": "45N2920", "OPERATORE": "ASSOCIAZIONE RADIO MARIA APS", "FREQ. CENTRALE/PORTANTE": "89.0"},
{"ERP MAX H": "0", "UBICAZIONE": "RADIO STUDIO 105 - RETE 105 - VIA CASATI GRATTACIELO BREDA - MILANO", "TIPO": "FM", "ID IMPIANTO": "CNF150162", "BOUQUET": "RADIO STUDIO 105 - RETE 105", "CANALE": "n.d.", "ALTITUDINE": "122", "LONG.": "09E1158", "ERP MAX V": "0", "LAT.": "45N2849", "OPERATORE": "RADIO STUDIO 105 S.P.A.", "FREQ. CENTRALE/PORTANTE": "99.1"},
{"ERP MAX H": "0", "UBICAZIONE": "RADIO SUBASIO - VIA VALENZA 5 - MILANO", "TIPO": "FM", "ID IMPIANTO": "CNF150701", "BOUQUET": "RADIO SUBASIO", "CANALE": "n.d.", "ALTITUDINE": "198", "LONG.": "09E1122", "ERP MAX V": "0", "LAT.": "45N2556", "OPERATORE": "RADIO SUBASIO S.R.L.", "FREQ. CENTRALE/PORTANTE": "87.6"},
{"ERP MAX H": "0", "UBICAZIONE": "VIRGIN RADIO - VIA TURATI 29 - MILANO", "TIPO": "FM", "ID IMPIANTO": "CNF150732", "BOUQUET": "VIRGIN RADIO", "CANALE": "n.d.", "ALTITUDINE": "200", "LONG.": "09E1146", "ERP MAX V": "0", "LAT.": "45N2839", "OPERATORE": "VIRGIN RADIO ITALY S.P.A.", "FREQ. CENTRALE/PORTANTE": "98.68"},
{"ERP MAX H": "0", "UBICAZIONE": "RADIO MONTE CARLO - VIA SAN GALDINO - MILANO", "TIPO": "FM", "ID IMPIANTO": "CNF150897", "BOUQUET": "RADIO MONTE CARLO", "CANALE": "n.d.", "ALTITUDINE": "122", "LONG.": "09E1000", "ERP MAX V": "0", "LAT.": "45N2920", "OPERATORE": "R M C ITALIA S.P.A.", "FREQ. CENTRALE/PORTANTE": "105.3"},
{"ERP MAX H": "0", "UBICAZIONE": "RADIO R101 - VIA TURATI 29 - MILANO", "TIPO": "FM", "ID IMPIANTO": "CNF151171", "BOUQUET": "RADIO R101", "CANALE": "n.d.", "ALTITUDINE": "200", "LONG.": "09E1146", "ERP MAX V": "0", "LAT.": "45N2839", "OPERATORE": "MONRADIO S.R.L.", "FREQ. CENTRALE/PORTANTE": "100.95"},
{"ERP MAX H": "0", "UBICAZIONE": "RADIO R101 - VIA TURATI, 29 - MILANO", "TIPO": "FM", "ID IMPIANTO": "CNF151488", "BOUQUET": "RADIO R101", "CANALE": "n.d.", "ALTITUDINE": "145", "LONG.": "09E1144", "ERP MAX V": "51", "LAT.": "45N2838", "OPERATORE": "MONRADIO S.R.L.", "FREQ. CENTRALE/PORTANTE": "100.7"},
{"ERP MAX H": "0", "UBICAZIONE": "RTL 102.500 Hit Radio - VIA VINCENZO DA SEREGNO 50 - Milano", "TIPO": "FM", "ID IMPIANTO": "CNF152245", "BOUQUET": "RTL 102.500 Hit Radio", "CANALE": "n.d.", "ALTITUDINE": "130", "LONG.": "09E1130", "ERP MAX V": "0", "LAT.": "45N3130", "OPERATORE": "RTL 102,500 HIT RADIO S.R.L.", "FREQ. CENTRALE/PORTANTE": "91.3"},
{"ERP MAX H": "0", "UBICAZIONE": "RTL 102.500 Hit Radio - Via Silva 36 - Milano", "TIPO": "FM", "ID IMPIANTO": "CNF152538", "BOUQUET": "RTL 102.500 Hit Radio", "CANALE": "n.d.", "ALTITUDINE": "124", "LONG.": "09E0849", "ERP MAX V": "0", "LAT.": "45N2845", "OPERATORE": "RTL 102,500 HIT RADIO S.R.L.", "FREQ. CENTRALE/PORTANTE": "101.9"},
{"ERP MAX H": "0", "UBICAZIONE": "MF01 - MILANO-VIA SCARLATTI 33 - MILANO", "TIPO": "FM", "ID IMPIANTO": "CNF153768", "BOUQUET": "MF01", "CANALE": "n.d.", "ALTITUDINE": "119", "LONG.": "09E1221", "ERP MAX V": "46", "LAT.": "45N2940", "OPERATORE": "RAI WAY S.P.A.", "FREQ. CENTRALE/PORTANTE": "89.25"},
{"ERP MAX H": "0", "UBICAZIONE": "MF01 - MILANO-ISOZAKI - MILANO", "TIPO": "FM", "ID IMPIANTO": "CNF156525", "BOUQUET": "MF01", "CANALE": "n.d.", "ALTITUDINE": "124", "LONG.": "09E0924", "ERP MAX V": "45", "LAT.": "45N2841", "OPERATORE": "RAI WAY S.P.A.", "FREQ. CENTRALE/PORTANTE": "90.6"},
{"ERP MAX H": "0", "UBICAZIONE": "MF03 - MILANO-ISOZAKI - MILANO", "TIPO": "FM", "ID IMPIANTO": "CNF156527", "BOUQUET": "MF03", "CANALE": "n.d.", "ALTITUDINE": "124", "LONG.": "09E0924", "ERP MAX V": "45", "LAT.": "45N2841", "OPERATORE": "RAI WAY S.P.A.", "FREQ. CENTRALE/PORTANTE": "99.4"},
{"ERP MAX H": "0", "UBICAZIONE": "MF04 - MILANO-ISOZAKI - MILANO", "TIPO": "FM", "ID IMPIANTO": "CNF156528", "BOUQUET": "MF04", "CANALE": "n.d.", "ALTITUDINE": "124", "LONG.": "09E0924", "ERP MAX V": "45", "LAT.": "45N2841", "OPERATORE": "RAI WAY S.P.A.", "FREQ. CENTRALE/PORTANTE": "102.2"},
{"ERP MAX H": "0", "UBICAZIONE": "MFPM - MILANO-ISOZAKI - MILANO", "TIPO": "FM", "ID IMPIANTO": "CNF156529", "BOUQUET": "MFPM", "CANALE": "n.d.", "ALTITUDINE": "124", "LONG.": "09E0924", "ERP MAX V": "35", "LAT.": "45N2841", "OPERATORE": "RAI WAY S.P.A.", "FREQ. CENTRALE/PORTANTE": "88.1"},
{"ERP MAX H": "0", "UBICAZIONE": "Radiofreccia - Via Felice Casati 45 - Grattacielo Breda - Milano", "TIPO": "FM", "ID IMPIANTO": "CNF157166", "BOUQUET": "Radiofreccia", "CANALE": "n.d.", "ALTITUDINE": "121", "LONG.": "09E1158", "ERP MAX V": "0", "LAT.": "45N2848", "OPERATORE": "A.C.R.C. - ASSOCIAZIONE CULTURALE RADIOFONICA COMUNITARIA", "FREQ. CENTRALE/PORTANTE": "91.4"},
{"ERP MAX H": "0", "UBICAZIONE": "Radiofreccia - Via Val Devero 19 - Milano", "TIPO": "FM", "ID IMPIANTO": "CNF157169", "BOUQUET": "Radiofreccia", "CANALE": "n.d.", "ALTITUDINE": "120", "LONG.": "09E0641", "ERP MAX V": "51", "LAT.": "45N2731", "OPERATORE": "A.C.R.C. - ASSOCIAZIONE CULTURALE RADIOFONICA COMUNITARIA", "FREQ. CENTRALE/PORTANTE": "91.2"},
{"ERP MAX H": "0", "UBICAZIONE": "RADIO KISS KISS - TORRE VELASCA - MILANO", "TIPO": "FM", "ID IMPIANTO": "CNF159349", "BOUQUET": "RADIO KISS KISS", "CANALE": "n.d.", "ALTITUDINE": "120", "LONG.": "09E1124", "ERP MAX V": "34", "LAT.": "45N2729", "OPERATORE": "CN MEDIA S.R.L.", "FREQ. CENTRALE/PORTANTE": "97.6"},
{"ERP MAX H": "0", "UBICAZIONE": "MILANO - CORSO SEMPIONE - MILANO", "TIPO": "RD", "ID IMPIANTO": "CNF100055", "BOUQUET": "DM01", "CANALE": "12B", "ALTITUDINE": "130", "LONG.": "09E0956", "ERP MAX V": "33", "LAT.": "45N2842", "OPERATORE": "RAI WAY S.P.A.", "FREQ. CENTRALE/PORTANTE": "225.648"},
{"ERP MAX H": "0", "UBICAZIONE": "Milano Velasca - MILANO P.ZA VELASCA - Milano", "TIPO": "RD", "ID IMPIANTO": "CNF136166", "BOUQUET": "Eurodab Italia", "CANALE": "12D", "ALTITUDINE": "119", "LONG.": "09E1127", "ERP MAX V": "33", "LAT.": "45N2736", "OPERATORE": "EURODAB ITALIA SOCIETA' CONSORTILE A RESPONSABILITA' LIMITATA", "FREQ. CENTRALE/PORTANTE": "229.072"},
{"ERP MAX H": "36", "UBICAZIONE": "Milano Sempione - Milano Sempione - Milano", "TIPO": "RD", "ID IMPIANTO": "CNF139483", "BOUQUET": "DAB Italia", "CANALE": "12C", "ALTITUDINE": "126", "LONG.": "09E0957", "ERP MAX V": "0", "LAT.": "45N2843", "OPERATORE": "DAB ITALIA SOCIETA' CONSORTILE PER AZIONI", "FREQ. CENTRALE/PORTANTE": "227.36"},
{"ERP MAX H": "46", "UBICAZIONE": "MI via Stamira - Milano, via Stamira d'Ancona 24 - MILANO", "TIPO": "TD", "ID IMPIANTO": "CNF105773", "BOUQUET": "G.R.P. TELEVISIONE", "CANALE": "42", "ALTITUDINE": "125", "LONG.": "09E1342", "ERP MAX V": "0", "LAT.": "45N3005", "OPERATORE": "GRP S.R.L.", "FREQ. CENTRALE/PORTANTE": "642.0"},
{"ERP MAX H": "38", "UBICAZIONE": "CORSO SEMPIONE - CORSO SEMPIONE - MILANO", "TIPO": "TD", "ID IMPIANTO": "CNF105774", "BOUQUET": "NaN", "CANALE": "29", "ALTITUDINE": "130", "LONG.": "09E0958", "ERP MAX V": "0", "LAT.": "45N2843", "OPERATORE": "QUENZA S.R.L.", "FREQ. CENTRALE/PORTANTE": "538.0"},
{"ERP MAX H": "26", "UBICAZIONE": "MI via Silva - Via G. Silva, 36 - MILANO", "TIPO": "TD", "ID IMPIANTO": "CNF105779", "BOUQUET": "VIDEOSTAR", "CANALE": "24", "ALTITUDINE": "124", "LONG.": "09E0845", "ERP MAX V": "0", "LAT.": "45N2842", "OPERATORE": "EMMECIUNO - S.R.L.", "FREQ. CENTRALE/PORTANTE": "498.0"},
{"ERP MAX H": "28", "UBICAZIONE": "CASALPUSTERLENGO - VIA LEVER GHIBBS - MILANO", "TIPO": "TD", "ID IMPIANTO": "CNF105780", "BOUQUET": "TELELOMBARDIA", "CANALE": "46", "ALTITUDINE": "61", "LONG.": "09E3850", "ERP MAX V": "0", "LAT.": "45N1009", "OPERATORE": "TELELOMBARDIA S.R.L.", "FREQ. CENTRALE/PORTANTE": "674.0"},
{"ERP MAX H": "41", "UBICAZIONE": "MILANO SAN GALDINO - VIA S. GALDINO - MILANO", "TIPO": "TD", "ID IMPIANTO": "CNF105784", "BOUQUET": "RV1", "CANALE": "42", "ALTITUDINE": "127", "LONG.": "09E0956", "ERP MAX V": "0", "LAT.": "45N2910", "OPERATORE": "BEACOM S.R.L.", "FREQ. CENTRALE/PORTANTE": "642.0"},
{"ERP MAX H": "45", "UBICAZIONE": "VIA SCARLATTI - VIA SCARLATTI - MILANO", "TIPO": "TD", "ID IMPIANTO": "CNF105787", "BOUQUET": "B&S", "CANALE": "57", "ALTITUDINE": "120", "LONG.": "09E1224", "ERP MAX V": "0", "LAT.": "45N2902", "OPERATORE": "PREMIATA DITTA BORGHINI & STOCCHETTI DI TORINO S.R.L.", "FREQ. CENTRALE/PORTANTE": "762.0"},
{"ERP MAX H": "39", "UBICAZIONE": "GRATTACIELO STEPHENSON - VIA STEPHENSON N\u00b0 43A - MILANO", "TIPO": "TD", "ID IMPIANTO": "CNF105789", "BOUQUET": "TELESETTELAGHI", "CANALE": "34", "ALTITUDINE": "123", "LONG.": "09E0901", "ERP MAX V": "0", "LAT.": "45N2837", "OPERATORE": "\"TELESETTELAGHI S.R.L.\"", "FREQ. CENTRALE/PORTANTE": "578.0"},
{"ERP MAX H": "32", "UBICAZIONE": "MILANO VIA CASATI - GRATTACIELO BREDA - MILANO", "TIPO": "TD", "ID IMPIANTO": "CNF105793", "BOUQUET": "StartUp", "CANALE": "35", "ALTITUDINE": "128", "LONG.": "09E1209", "ERP MAX V": "0", "LAT.": "45N2858", "OPERATORE": "STARTUP COMMUNICATION SRL", "FREQ. CENTRALE/PORTANTE": "586.0"},
{"ERP MAX H": "18", "UBICAZIONE": "MILANO REPUBBLICA - MILANO REPUBBLICA - MILANO", "TIPO": "TD", "ID IMPIANTO": "CNF127523", "BOUQUET": "TIMB3", "CANALE": "48", "ALTITUDINE": "125", "LONG.": "09E1156", "ERP MAX V": "0", "LAT.": "45N2846", "OPERATORE": "PERSIDERA S.P.A.", "FREQ. CENTRALE/PORTANTE": "690.0"},
{"ERP MAX H": "37", "UBICAZIONE": "MILANO - CORSO SEMPIONE - MILANO", "TIPO": "TD", "ID IMPIANTO": "CNF128046", "BOUQUET": "DVM1-MI", "CANALE": "9", "ALTITUDINE": "130", "LONG.": "09E0957", "ERP MAX V": "0", "LAT.": "45N2843", "OPERATORE": "RAI WAY S.P.A.", "FREQ. CENTRALE/PORTANTE": "205.5"},
{"ERP MAX H": "37", "UBICAZIONE": "MILANO - CORSO SEMPIONE - MILANO", "TIPO": "TD", "ID IMPIANTO": "CNF128047", "BOUQUET": "DVM2", "CANALE": "30", "ALTITUDINE": "130", "LONG.": "09E0957", "ERP MAX V": "0", "LAT.": "45N2843", "OPERATORE": "RAI WAY S.P.A.", "FREQ. CENTRALE/PORTANTE": "546.0"},
{"ERP MAX H": "37", "UBICAZIONE": "MILANO - CORSO SEMPIONE - MILANO", "TIPO": "TD", "ID IMPIANTO": "CNF128048", "BOUQUET": "DVM3", "CANALE": "26", "ALTITUDINE": "130", "LONG.": "09E0957", "ERP MAX V": "0", "LAT.": "45N2843", "OPERATORE": "RAI WAY S.P.A.", "FREQ. CENTRALE/PORTANTE": "514.0"},
{"ERP MAX H": "39", "UBICAZIONE": "MILANO - CORSO SEMPIONE - MILANO", "TIPO": "TD", "ID IMPIANTO": "CNF128049", "BOUQUET": "DVM4", "CANALE": "40", "ALTITUDINE": "130", "LONG.": "09E0957", "ERP MAX V": "0", "LAT.": "45N2843", "OPERATORE": "RAI WAY S.P.A.", "FREQ. CENTRALE/PORTANTE": "626.0"},
{"ERP MAX H": "33", "UBICAZIONE": "MI Silva - Milano via Silva 36 - MILANO", "TIPO": "TD", "ID IMPIANTO": "CNF128922", "BOUQUET": "MSP1", "CANALE": "59", "ALTITUDINE": "129", "LONG.": "09E0848", "ERP MAX V": "0", "LAT.": "45N2845", "OPERATORE": "MULTIMEDIA SAN PAOLO SOCIETA' A RESPONSABILITA' LIMITATA", "FREQ. CENTRALE/PORTANTE": "778.0"},
{"ERP MAX H": "18", "UBICAZIONE": "MILANO REPUBBLICA - MILANO REPUBBLICA - MILANO", "TIPO": "TD", "ID IMPIANTO": "CNF129019", "BOUQUET": "TIMB1", "CANALE": "47", "ALTITUDINE": "125", "LONG.": "09E1156", "ERP MAX V": "0", "LAT.": "45N2846", "OPERATORE": "PERSIDERA S.P.A.", "FREQ. CENTRALE/PORTANTE": "682.0"},
{"ERP MAX H": "18", "UBICAZIONE": "MILANO REPUBBLICA - MILANO REPUBBLICA - MILANO", "TIPO": "TD", "ID IMPIANTO": "CNF129108", "BOUQUET": "TIMB2", "CANALE": "55", "ALTITUDINE": "125", "LONG.": "09E1156", "ERP MAX V": "0", "LAT.": "45N2846", "OPERATORE": "PERSIDERA S.P.A.", "FREQ. CENTRALE/PORTANTE": "746.0"},
{"ERP MAX H": "33", "UBICAZIONE": "MILANO-CORSO SEMPIONE - CORSO SEMPIONE - MILANO", "TIPO": "TD", "ID IMPIANTO": "CNF129599", "BOUQUET": "Studio1", "CANALE": "31", "ALTITUDINE": "124", "LONG.": "09E0958", "ERP MAX V": "0", "LAT.": "45N2840", "OPERATORE": "STUDIO TV 1 NEWS S.R.L.", "FREQ. CENTRALE/PORTANTE": "554.0"},
{"ERP MAX H": "21", "UBICAZIONE": "MI BREDA - VIA CASATI GRATTACIELO BREDA - MILANO", "TIPO": "TD", "ID IMPIANTO": "CNF134759", "BOUQUET": "UNITEDCOM 1", "CANALE": "25", "ALTITUDINE": "128", "LONG.": "09E1158", "ERP MAX V": "0", "LAT.": "45N2848", "OPERATORE": "UNITEDCOM S.R.L.", "FREQ. CENTRALE/PORTANTE": "506.0"},
{"ERP MAX H": "0", "UBICAZIONE": "MILANO-ISOZAKI - GRATTACIELO ISOZAKI EX MILANO FIERA - MILANO", "TIPO": "TD", "ID IMPIANTO": "CNF136202", "BOUQUET": "DVM1-MI", "CANALE": "23", "ALTITUDINE": "129", "LONG.": "09E0924", "ERP MAX V": "14", "LAT.": "45N2841", "OPERATORE": "RAI WAY S.P.A.", "FREQ. CENTRALE/PORTANTE": "490.0"},
{"ERP MAX H": "0", "UBICAZIONE": "MILANO-ISOZAKI - GRATTACIELO ISOZAKI EX MILANO FIERA - MILANO", "TIPO": "TD", "ID IMPIANTO": "CNF136203", "BOUQUET": "DVM2", "CANALE": "30", "ALTITUDINE": "129", "LONG.": "09E0924", "ERP MAX V": "15", "LAT.": "45N2841", "OPERATORE": "RAI WAY S.P.A.", "FREQ. CENTRALE/PORTANTE": "546.0"},
{"ERP MAX H": "0", "UBICAZIONE": "MILANO-ISOZAKI - GRATTACIELO ISOZAKI EX MILANO FIERA - MILANO", "TIPO": "TD", "ID IMPIANTO": "CNF136204", "BOUQUET": "DVM3", "CANALE": "26", "ALTITUDINE": "129", "LONG.": "09E0924", "ERP MAX V": "14", "LAT.": "45N2841", "OPERATORE": "RAI WAY S.P.A.", "FREQ. CENTRALE/PORTANTE": "514.0"},
{"ERP MAX H": "0", "UBICAZIONE": "MILANO-ISOZAKI - GRATTACIELO ISOZAKI EX MILANO FIERA - MILANO", "TIPO": "TD", "ID IMPIANTO": "CNF136205", "BOUQUET": "DVM4", "CANALE": "40", "ALTITUDINE": "129", "LONG.": "09E0924", "ERP MAX V": "15", "LAT.": "45N2841", "OPERATORE": "RAI WAY S.P.A.", "FREQ. CENTRALE/PORTANTE": "626.0"},
{"ERP MAX H": "39", "UBICAZIONE": "CORSO SEMPIONE - CORSO SEMPIONE - MILANO", "TIPO": "TD", "ID IMPIANTO": "CNF137177", "BOUQUET": "RETE A - 2", "CANALE": "33", "ALTITUDINE": "130", "LONG.": "09E0957", "ERP MAX V": "0", "LAT.": "45N2842", "OPERATORE": "PERSIDERA S.P.A.", "FREQ. CENTRALE/PORTANTE": "570.0"},
{"ERP MAX H": "16", "UBICAZIONE": "MILANO REPUBBLICA - MILANO REPUBBLICA - MILANO", "TIPO": "TD", "ID IMPIANTO": "CNF137178", "BOUQUET": "RETE A - 1", "CANALE": "44", "ALTITUDINE": "133", "LONG.": "09E1156", "ERP MAX V": "0", "LAT.": "45N2846", "OPERATORE": "PERSIDERA S.P.A.", "FREQ. CENTRALE/PORTANTE": "658.0"},
{"ERP MAX H": "43", "UBICAZIONE": "VIA SILVA - MILANO - MILANO", "TIPO": "TD", "ID IMPIANTO": "CNF137840", "BOUQUET": "SANPAOLOTV", "CANALE": "21", "ALTITUDINE": "254", "LONG.": "09E0849", "ERP MAX V": "0", "LAT.": "45N2845", "OPERATORE": "BEACOM S.R.L.", "FREQ. CENTRALE/PORTANTE": "474.0"},
{"ERP MAX H": "26", "UBICAZIONE": "MILANO REPUBBLICA - GRATTACIELO BREDA - VIA F. CASATI, 45 - MILANO", "TIPO": "TD", "ID IMPIANTO": "CNF138337", "BOUQUET": "LA3TV", "CANALE": "37", "ALTITUDINE": "121", "LONG.": "09E1158", "ERP MAX V": "0", "LAT.": "45N2849", "OPERATORE": "3LETTRONICA INDUSTRIALE S.P.A.", "FREQ. CENTRALE/PORTANTE": "602.0"},
{"ERP MAX H": "26", "UBICAZIONE": "MILANO REPUBBLICA - GRATTACIELO BREDA - VIA F. CASATI, 45 - MILANO", "TIPO": "TD", "ID IMPIANTO": "CNF138341", "BOUQUET": "CAIRO DUE", "CANALE": "25", "ALTITUDINE": "121", "LONG.": "09E1158", "ERP MAX V": "0", "LAT.": "45N2849", "OPERATORE": "CAIRO NETWORK S.R.L.", "FREQ. CENTRALE/PORTANTE": "506.0"},
{"ERP MAX H": "27", "UBICAZIONE": "MILANO REPUBBLICA - GRATTACIELO BREDA - VIA F. CASATI, 45 - MILANO", "TIPO": "TD", "ID IMPIANTO": "CNF138372", "BOUQUET": "MEDIASET 1", "CANALE": "52", "ALTITUDINE": "121", "LONG.": "09E1158", "ERP MAX V": "0", "LAT.": "45N2849", "OPERATORE": "ELETTRONICA INDUSTRIALE SPA", "FREQ. CENTRALE/PORTANTE": "722.0"},
{"ERP MAX H": "26", "UBICAZIONE": "MILANO REPUBBLICA - GRATTACIELO BREDA - VIA F. CASATI, 45 - MILANO", "TIPO": "TD", "ID IMPIANTO": "CNF138374", "BOUQUET": "MEDIASET 2", "CANALE": "36", "ALTITUDINE": "121", "LONG.": "09E1158", "ERP MAX V": "0", "LAT.": "45N2849", "OPERATORE": "ELETTRONICA INDUSTRIALE SPA", "FREQ. CENTRALE/PORTANTE": "594.0"},
{"ERP MAX H": "26", "UBICAZIONE": "MILANO REPUBBLICA - GRATTACIELO BREDA - VIA F. CASATI, 45 - MILANO", "TIPO": "TD", "ID IMPIANTO": "CNF138376", "BOUQUET": "MEDIASET 3", "CANALE": "38", "ALTITUDINE": "121", "LONG.": "09E1158", "ERP MAX V": "0", "LAT.": "45N2849", "OPERATORE": "ELETTRONICA INDUSTRIALE SPA", "FREQ. CENTRALE/PORTANTE": "610.0"},
{"ERP MAX H": "27", "UBICAZIONE": "MILANO REPUBBLICA - GRATTACIELO BREDA - VIA F. CASATI, 45 - MILANO", "TIPO": "TD", "ID IMPIANTO": "CNF138378", "BOUQUET": "MEDIASET 4", "CANALE": "49", "ALTITUDINE": "121", "LONG.": "09E1158", "ERP MAX V": "0", "LAT.": "45N2849", "OPERATORE": "ELETTRONICA INDUSTRIALE SPA", "FREQ. CENTRALE/PORTANTE": "698.0"},
{"ERP MAX H": "27", "UBICAZIONE": "MILANO REPUBBLICA - GRATTACIELO BREDA - VIA F. CASATI, 45 - MILANO", "TIPO": "TD", "ID IMPIANTO": "CNF138380", "BOUQUET": "MEDIASET 5", "CANALE": "56", "ALTITUDINE": "121", "LONG.": "09E1158", "ERP MAX V": "0", "LAT.": "45N2849", "OPERATORE": "ELETTRONICA INDUSTRIALE SPA", "FREQ. CENTRALE/PORTANTE": "754.0"},
{"ERP MAX H": "27", "UBICAZIONE": "MILANO REPUBBLICA - GRATTACIELO BREDA - VIA F. CASATI, 45 - MILANO", "TIPO": "TD", "ID IMPIANTO": "CNF138393", "BOUQUET": "DFree", "CANALE": "50", "ALTITUDINE": "121", "LONG.": "09E1158", "ERP MAX V": "0", "LAT.": "45N2849", "OPERATORE": "PRIMA TV - S.P.A.", "FREQ. CENTRALE/PORTANTE": "706.0"},
{"ERP MAX H": "35", "UBICAZIONE": "SAN COLOMBANO - S. Colombano al Lambro - SAN COLOMBANO AL LAMBRO", "TIPO": "TD", "ID IMPIANTO": "CNF158308", "BOUQUET": "PIU BLU LOMBARDIA", "CANALE": "43", "ALTITUDINE": "144", "LONG.": "09E2902", "ERP MAX V": "0", "LAT.": "45N1026", "OPERATORE": "NECTOR LTD", "FREQ. CENTRALE/PORTANTE": "650.0"},
{"ERP MAX H": "37", "UBICAZIONE": "MILANO VIA STEPHENSON - MILANO - MILANO", "TIPO": "TD", "ID IMPIANTO": "CNF158841", "BOUQUET": "TELELIBERTA'", "CANALE": "22", "ALTITUDINE": "140", "LONG.": "09E0732", "ERP MAX V": "0", "LAT.": "45N3037", "OPERATORE": "TELELIBERTA' - SOCIETA' PER AZIONI", "FREQ. CENTRALE/PORTANTE": "482.0"}]
